,title,hash,mentions
0,bitcoin phone home use crypto buy sim card countri,,
1,speed launch magento plugin simplifi bitcoin payment ecommerc store,,
2,write rapidli evolv vc startup sector europ,,
3,deadlin rule ark applic bitcoin etf near,,
4,leak reveal blackrock gamechang bitcoin plan could caus price chao ethereum xrp crypto,,
5,excitinghug trillion bitcoin ethereum price predict issu legendari investor shock bombshel,,
6,bitcoin halv turn crypto digit gold,,
7,bitcoin miner marathon quarterli loss narrow revenu jump,,
8,cryptobas busi exceed q predict secur profit,,
9,bitcoin rise twoweek trade lull moodi downgrad hit us bank sector,,
10,bitcoin rise twoweek trade lull moodi downgrad hit us bank sector,,
11,cleanspark comput power push like keep red,,
12,rise trend bitcoin pool platform market worldwid,,
13,next week next year shifti deadlin loom spot bitcoin etf,,
14,riot platform reduc net loss million secondquart,,
15,bitcoin ethereum technic analysi btc near week high paypal launch usd stablecoin market updat bitcoin news,,
16,decod bitcoin halv indepth look halv process impact,,
17,bitcoin evolut review legit read canada report,,
18,michael saylor say bitcoin etf super tanker microstrategi sport car,,
19,tip crypto tax paid bitcoin,,
20,free bet bitcoin bonus juici stake casino,,
21,bitcoin appear provid number benefit across esg framework report,,
22,new york coupl plead guilti bitcoin launder,,
23,tether billion grow fast report profit seem shrink,,
24,etherfutur etf file return en mass amid crypto optim,,
25,bitcoin bonni crypto clyde us coupl plead guilti launder,,
26,bitcoin miner riot made million credit heat wave,,
27,coinbas plan includ bitcoin lightn network platform,,
28,new york man admit bitfinex hack guilti plea bitcoin money launder,,
29,marathon digit hold report second quarter result,,
30,razzlekhan husband guilti bn bitcoin launder,,
31,new york man admit bitfinex hack guilti plea bitcoin money launder,,
32,dmg blockchain solut announc juli mine result,,
33,next logic next stepleak reveal elon musk could blow bitcoin ethereum xrp dogecoin price,,
34,crocodil wall street plead guilti billiondollar bitcoin hack case,,
35,nonuk casino compar best nonuk casino site,,
36,comprehens look new paypal stablecoin control dynam freez option trend social media altcoin bitcoin news,,
37,crocodil wall street plead guilti billiondollar bitcoin hack case,,
38,likelihood multipl bitcoin etf approv halv,,
39,binanc becom licens crypto exchang el salvador,,
40,bitcoin bonni crypto clyde plead guilti launder billion stolen cryptocurr,,
41,elon musk declar spark wild specul could blow bitcoin ethereum xrp dogecoin price,,
42,break paypal launch pyusd stablecoin payment,,
43,advanc cybersecur educ within cryptocurr sphere,,
44,crypto coupl husband confess origin bitfinex hacker plea hear,,
45,iri energi announc monthli investor updat juli,,
46,bitfinex hacker rapper wife plead guilti crypto heist money launder,,
47,bitfinex hacker rapper wife plead guilti crypto heist money launder,,
48,taiwan alchip make chip power ai boom,,
49,crocodil wall street plead guilti billiondollar bitcoin hack case,,
50,crypto exchang bitstamp talk rais fund expans ceo say,,
51,bitfinex hack ilya lichtenstein heather morgan plead guilti,,
52,kucoin discontinu bitcoin litecoin mine pool,,
53,crypto press releas impact price,,
54,chain promis,,
55,congress learn razzlekhan crypto aml,,
56,break nba record build north america next bitcoin mine giant young vanguard shape entrepreneuri landscap miami,,
57,pope warn potenti danger artifici intellig,,
58,smart contract market drive high growth result rapid expans decentr financ defi crossbord transact,,
59,tether launch new javascript librari,,
60,paypal latest crypto play stablecoin peg us dollar,,
61,need valu invest crypto bear market,,
62,paypal launch stablecoin facilit digit payment transfer,,
63,asia crypto regulatori clariti contrast disarray us,,
64,bitfarm initi deploy plan mw hydropow paraguay,,
65,revolut scrap us crypto servic,,
66,yearold instagram sensat make us laugh founder world largest crypto atm provid young peopl reshap world tech financ entertain atlanta,,
67,bitcoin bonni clyde us husbandwif duo plead guilti bln crypto hack,,
68,block announc second quarter result,,
69,cnbc daili open investor look sign weak,,
70,peopl reveal wildest way classmat got rich im floor,,
71,tp icap share soar broker profit climb commod spike,,
72,cryptocurr pois millionair growth,,
73,revolut scrap us crypto servic,,
74,ai steal data listen keystrok,,
75,bitpay method financi partner cryptocurr bill pay solut,,
76,paypal debut us dollarback stablecoin,,
77,anyon care crypto consum transact volum coinbas last year,,
78,paypal debut us dollarback stablecoin payment,,
79,tesla cfo zach kirkhorn step,,
80,cryptovers eye chatgptmak worldcoin,,
81,paypal debut us dollarback stablecoin payment,,
82,paypal debut us dollarback stablecoin payment,,
83,best crypto coin invest august,,
84,paybito debut platform promot crypto brokerag busi,,
85,forb local,,
86,rich dad poor dad author robert kiyosaki warn market crash land us credit rate get slash,,
87,crypto firm blockchaincom get singapor licenc,,
88,jack dorsey block report billion q revenuealmost half bitcoin,,
89,tp icap share soar broker profit climb commod spike,,
90,coinbas narrow loss trade revenu plung,,
91,paybito debut platform promot crypto brokerag busi entrepreneur,,
92,cryptovers eye chatgptmak worldcoin,,
93,xrp could experi nearli surg upon immedi break key level,,
94,paypal launch stablecoin latest crypto payment push,,
95,paypal usd new stablecoin enter arena nasdaqpypl,,
96,crypto winter damn paypal new stablecoin,,
97,hong kong new crypto regim award first exchang licenc hashkey,,
98,new malwar campaign target inexperienc cyber crimin openbullet config,,
99,dragonpay partner wix expand payment option merchant custom ph,,
100,hong kong new crypto regim award first exchang licenc hashkey,,
101,trader ditch usdt curv uniswap push key exchang pool imbal,,
102,ultim guid highreturn invest top cryptocurr buy august,,
103,coinbas seek optim amid bitcoin bear market beat earn expect,,
104,digit dollar bank govern,,
105,invest platform etoro bullish gener ai us ceo break area experiment like make disclosur fun read translat market materi,,
106,coinbas quarterli loss narrow revenu exce estim,,
107,virtual currenc market statist hyper growth record futur claim report,,
108,best real money casino us top site pay non gamstop casino,,
109,mexc referr code vt get usdt reward signup,,
110,congress creat storm crypto legisl,,
111,secondhand luxuri watch price slump near twoyear low pandem run,,
112,cryptocurr farm feast power kyrgyz offici cri crisi,,
113,zengo crypto wallet review,,
114,vend machin oper market report market size key trend competit landscap driver,,
115,sprint ahead improv global money flow,,
116,china lead race modernis global money flow,,
117,transform crossbord transact qa collect pay chief execut offic georg arakelov,,
118,digit artwork outlast thcenturi paint answer,,
119,xetragold verliert,,
120,binanc clone script get cryptocurr exchang,,
121,farmskin promo code get free case signup bonus,,
122,financi regul affect investor,,
123,block inc nysesq q earn call transcript,,
124,fastestvpn review,,
125,kur de xtracker msci world etf c weist nach sã¼den,,
126,coinbas global coin q earn call transcript,,
